{"RL": {"tard": [374], "slack": [1401], "util": [[0.9381933438985737, 0.9064976228209192, 0.9286846275752774, 0.901743264659271, 0.8795562599049128, 0.8082408874801902, 0.7797147385103012, 0.6735340729001584, 0.8288431061806656, 0.7654516640253566]], "makespan": [631]}, "EDD": {"tard": [374], "slack": [1401], "util": [[0.9381933438985737, 0.9064976228209192, 0.9286846275752774, 0.901743264659271, 0.8795562599049128, 0.8082408874801902, 0.7797147385103012, 0.6735340729001584, 0.8288431061806656, 0.7654516640253566]], "makespan": [631]}, "MS": {"tard": [253], "slack": [1452], "util": [[0.9423076923076923, 0.9118589743589743, 0.9198717948717948, 0.9198717948717948, 0.8878205128205128, 0.8381410256410257, 0.7692307692307693, 0.7083333333333334, 0.8157051282051282, 0.7916666666666666]], "makespan": [624]}, "SRO": {"tard": [203], "slack": [1536], "util": [[0.9455128205128205, 0.9150641025641025, 0.9278846153846154, 0.9134615384615384, 0.8942307692307693, 0.8189102564102564, 0.7676282051282052, 0.717948717948718, 0.7964743589743589, 0.8076923076923077]], "makespan": [624]}, "CR": {"tard": [202], "slack": [1581], "util": [[0.9585987261146497, 0.9012738853503185, 0.893312101910828, 0.9219745222929936, 0.8742038216560509, 0.8630573248407644, 0.7754777070063694, 0.7213375796178344, 0.7914012738853503, 0.75]], "makespan": [628]}, "ATC": {"tard": [610], "slack": [1636], "util": [[0.9371069182389937, 0.89937106918239, 0.9150943396226415, 0.8726415094339622, 0.9135220125786163, 0.8254716981132075, 0.7185534591194969, 0.6776729559748428, 0.8160377358490566, 0.7688679245283019]], "makespan": [636]}}