{"RL": {"tard": [224, 450, 749, 1490, 1619, 875, 1413, 342, 1183, 1345], "slack": [11417, 7315, 8648, 10170, 9907, 8831, 10420, 7853, 7423, 8146], "util": [[0.9751809720785936, 0.9937694704049844, 1.0, 0.9853403141361257, 0.9989517819706499, 0.9989484752891693, 0.9874081846799581, 0.9937304075235109, 0.979296066252588, 0.9979317476732161, 0.9842602308499475, 1.0, 0.983419689119171, 0.9958027282266527, 0.9885654885654885, 1.0, 0.9926393270241851, 0.9979231568016614, 0.99581589958159, 0.0], [1.0, 0.9905759162303664, 0.9752066115702479, 0.9897013388259527, 1.0, 0.9948979591836735, 0.9948078920041536, 0.9644723092998955, 0.9958027282266527, 0.9716684155299056, 0.9810725552050473, 0.9823468328141225, 0.9790136411332634, 0.9729166666666667, 0.983402489626556, 0.9738493723849372, 0.9989583333333333, 0.988517745302714, 0.9968487394957983, 0.0], [0.9845837615621789, 0.9936974789915967, 0.9874081846799581, 1.0, 0.9687174139728885, 0.980083857442348, 0.9948559670781894, 0.989517819706499, 0.953464322647363, 0.98125, 0.9695057833859095, 0.9821989528795811, 0.960167714884696, 0.9770833333333333, 0.9467640918580376, 0.9957939011566772, 0.9887869520897044, 0.9664570230607966, 0.979296066252588, 0.0], [0.995880535530381, 0.9958376690946931, 1.0, 0.9738219895287958, 1.0, 0.983453981385729, 0.9979123173277662, 0.9906639004149378, 0.98559670781893, 1.0, 0.9947753396029259, 0.9958592132505176, 0.9835221421215242, 0.9853556485355649, 1.0, 1.0, 0.9927536231884058, 0.9969262295081968, 0.9968520461699895, 0.0], [1.0, 1.0, 0.9792746113989638, 0.9749739311783108, 0.983402489626556, 0.9812695109261186, 1.0, 0.9938208032955715, 0.9853403141361257, 1.0, 0.9969230769230769, 0.9854771784232366, 0.9979423868312757, 0.9968454258675079, 1.0, 0.9958592132505176, 1.0, 1.0, 0.9989637305699481, 0.0], [0.9664921465968587, 0.9706806282722513, 0.975991649269311, 0.9794238683127572, 0.9781021897810219, 0.9605809128630706, 0.9672466734902764, 0.9938335046248715, 1.0, 0.9831932773109243, 0.9959100204498977, 0.9779874213836478, 0.975051975051975, 0.9670103092783505, 0.9744637385086823, 0.9822175732217573, 0.9926931106471816, 0.9895287958115183, 0.9895397489539749, 0.0], [0.9918283963227783, 0.9738219895287958, 0.9737670514165793, 0.978125, 0.9916492693110647, 0.9937952430196484, 0.9865841073271414, 0.986639260020555, 0.9989648033126294, 1.0, 0.9696335078534032, 0.9769874476987448, 0.9647302904564315, 0.9621451104100947, 0.9821428571428571, 0.9907597535934292, 0.9790575916230366, 0.978328173374613, 0.9979253112033195, 0.0], [0.9728601252609603, 0.9948612538540597, 0.9978991596638656, 0.9863301787592008, 0.9916054564533053, 0.9637681159420289, 0.9800629590766002, 0.9863731656184487, 0.9796126401630989, 0.9906347554630593, 0.9895397489539749, 0.9780334728033473, 0.9752577319587629, 0.9791013584117032, 0.9811320754716981, 1.0, 0.9855222337125129, 0.9743326488706365, 0.9979360165118679, 0.0], [0.9989594172736732, 0.9739854318418314, 0.9884696016771488, 0.9742798353909465, 0.9895397489539749, 0.9948979591836735, 0.9979035639412998, 0.9916666666666667, 0.9884332281808622, 0.9957983193277311, 0.9979253112033195, 0.976890756302521, 0.9856850715746421, 0.9947862356621481, 0.9905759162303664, 0.9745158002038736, 0.9790136411332634, 0.9785714285714285, 0.9947807933194155, 0.0], [1.0, 0.9938524590163934, 1.0, 0.9979296066252588, 0.9844236760124611, 1.0, 0.987603305785124, 0.9938398357289527, 0.9968879668049793, 0.9979360165118679, 0.9968717413972888, 0.9947534102833159, 0.9884937238493724, 0.9834710743801653, 0.9789915966386554, 0.9905759162303664, 0.9979274611398964, 0.9842271293375394, 0.9875130072840791, 0.0]], "makespan": [951, 951, 951, 951, 951, 951, 951, 951, 951, 951]}, "EDD": {"tard": [224, 530, 719, 1649, 1616, 811, 1253, 422, 1028, 1493], "slack": [11417, 7733, 8622, 10662, 10408, 8958, 9835, 8667, 6808, 8899], "util": [[0.9751809720785936, 0.9937694704049844, 1.0, 0.9853403141361257, 0.9989517819706499, 0.9989484752891693, 0.9874081846799581, 0.9937304075235109, 0.979296066252588, 0.9979317476732161, 0.9842602308499475, 1.0, 0.983419689119171, 0.9958027282266527, 0.9885654885654885, 1.0, 0.9926393270241851, 0.9979231568016614, 0.99581589958159, 0.0], [1.0, 0.9905660377358491, 0.9753846153846154, 0.9897330595482546, 1.0, 0.9948717948717949, 0.9947916666666666, 0.9651995905834186, 0.9958071278825996, 0.971875, 0.9810725552050473, 0.9824016563146998, 0.9790794979079498, 0.9734964322120285, 0.9832985386221295, 0.9742002063983488, 0.9989495798319328, 0.9886714727085479, 0.9968652037617555, 0.0], [0.9843423799582464, 0.9937629937629938, 0.9873949579831933, 1.0, 0.968520461699895, 0.9802289281997919, 0.9948293691830403, 0.9898063200815495, 0.9531737773152965, 0.9811715481171548, 0.9697286012526096, 0.982124079915878, 0.9608247422680413, 0.9771071800208116, 0.9469302809573361, 0.99581589958159, 0.9885892116182573, 0.9664570230607966, 0.9791013584117032, 0.0], [0.9958115183246073, 0.9957939011566772, 1.0, 0.9738493723849372, 1.0, 0.9833852544132918, 0.9978969505783386, 0.9907120743034056, 0.9854620976116303, 1.0, 0.9948078920041536, 0.9958333333333333, 0.9836734693877551, 0.9854318418314256, 0.9926701570680628, 1.0, 0.9927310488058152, 0.9968684759916493, 0.9969040247678018, 0.0], [1.0, 1.0, 0.9719626168224299, 0.9779874213836478, 0.9832635983263598, 0.9810725552050473, 1.0, 0.9937434827945777, 0.98559670781893, 1.0, 0.9968553459119497, 0.9852786540483701, 0.9979633401221996, 0.996900826446281, 1.0, 0.9958289885297185, 1.0, 1.0, 0.9989690721649485, 0.0], [0.9667705088265836, 0.9711637487126673, 0.9763860369609856, 0.9789695057833859, 0.9783728115345005, 0.9604989604989606, 0.9667359667359667, 0.99375, 1.0, 0.9832460732984293, 0.9958027282266527, 0.9783728115345005, 0.975103734439834, 0.9664921465968587, 0.9737394957983193, 0.9821428571428571, 0.9926701570680628, 0.9894957983193278, 0.9896049896049897, 0.0], [0.9916492693110647, 0.9738219895287958, 0.9737670514165793, 0.978125, 0.9916142557651991, 0.9937238493723849, 0.9863301787592008, 0.986444212721585, 1.0, 1.0, 0.9696652719665272, 0.9771547248182763, 0.9648760330578512, 0.9624217118997912, 0.9821615949632738, 0.9906444906444907, 0.9791013584117032, 0.9785056294779939, 0.9979402677651905, 0.0], [0.9729448491155047, 0.9947423764458465, 0.9979274611398964, 0.9863445378151261, 0.9916926272066459, 0.9633891213389121, 0.9800210304942166, 0.9864583333333333, 0.9790356394129979, 0.9905362776025236, 0.989517819706499, 0.9810924369747899, 0.9755849440488301, 0.9790575916230366, 0.9812889812889813, 1.0, 0.9853249475890985, 0.9738493723849372, 0.9958376690946931, 0.0], [0.9989539748953975, 0.9739311783107404, 0.9887755102040816, 0.9738219895287958, 0.9895068205666316, 0.9947862356621481, 0.9979274611398964, 0.9918533604887984, 0.9884937238493724, 0.9958333333333333, 0.9979188345473465, 0.9773429454170958, 0.9853709508881923, 0.994824016563147, 0.9907120743034056, 0.9740663900414938, 0.9790136411332634, 0.9784836065573771, 0.9948822927328557, 0.0], [1.0, 0.9936974789915967, 1.0, 0.997948717948718, 0.9845201238390093, 1.0, 0.9873817034700315, 0.9938650306748467, 0.9969481180061037, 0.9979381443298969, 0.9968911917098445, 0.994824016563147, 0.9886714727085479, 0.9832810867293625, 0.9794661190965093, 0.99079754601227, 0.9979231568016614, 0.9843423799582464, 0.9875776397515528, 0.0]], "makespan": [951, 951, 951, 951, 951, 951, 951, 951, 951, 951]}, "MS": {"tard": [1296, 1341, 1704, 3045, 5464, 3039, 2046, 1916, 3991, 3565], "slack": [12128, 9341, 9526, 10432, 14605, 10720, 8835, 10552, 10386, 10071],