{"RL": {"tard": [67, 0, 38, 31, 542, 54, 282, 104, 257, 179], "slack": [7169, 5322, 5472, 5745, 8134, 5824, 7142, 5276, 4806, 5230], "util": [[0.967741935483871, 0.9664218258132214, 0.984375, 0.979253112033195, 0.9927083333333333, 0.9989572471324296, 0.9785495403472931, 0.9843096234309623, 0.9864864864864865, 0.993717277486911, 0.9938080495356038, 0.9989583333333333, 0.9876543209876543, 0.9751809720785936, 0.9812304483837331, 0.9936974789915967, 0.9907024793388429, 0.9810924369747899, 0.9938398357289527, 0.0], [0.996875, 0.9875389408099688, 0.9596690796277145, 0.9580272822665268, 0.9667359667359667, 0.9810725552050473, 0.9552083333333333, 0.9738766980146291, 0.9926547743966422, 0.9706190975865687, 0.9498956158663883, 0.9702564102564103, 0.9853709508881923, 0.9708636836628513, 0.9789695057833859, 0.947584789311408, 0.9896265560165975, 0.9642857142857143, 0.9886010362694301, 0.0], [0.9588900308324769, 0.9627714581178903, 0.977296181630547, 0.9936908517350158, 0.9688149688149689, 0.9752832131822863, 0.9886246122026887, 0.940809968847352, 0.9298429319371728, 0.9423480083857443, 0.9408163265306122, 0.9730569948186528, 0.9602094240837696, 0.9338235294117647, 0.9637681159420289, 0.9544041450777202, 0.9729448491155047, 0.9043659043659044, 0.9611344537815126, 0.0], [0.9854620976116303, 0.9887179487179487, 0.9832109129066107, 0.9664218258132214, 0.990625, 0.9739311783107404, 0.9805128205128205, 0.9836734693877551, 0.9645833333333333, 1.0, 0.9812889812889813, 0.9707724425887265, 0.9760914760914761, 0.9727177334732424, 0.9752066115702479, 1.0, 0.9874081846799581, 0.9895068205666316, 0.9887063655030801, 0.0], [0.9905857740585774, 1.0, 0.9769633507853404, 0.9795918367346939, 0.9781704781704782, 0.9804928131416838, 0.9979360165118679, 0.9706190975865687, 0.9761163032191069, 1.0, 0.9968652037617555, 0.9779411764705882, 0.9843096234309623, 0.974869109947644, 1.0, 0.9710444674250258, 0.99581589958159, 0.9938335046248715, 0.9836065573770492, 0.0], [0.9580712788259959, 0.9625390218522373, 0.9456066945606695, 0.9442691903259727, 0.9764102564102564, 0.9603753910323254, 0.9408766564729868, 0.9833159541188738, 0.9761904761904762, 0.9895941727367326, 0.991675338189386, 0.9779874213836478, 0.9717573221757322, 0.9554404145077721, 0.9467640918580376, 0.9653361344537815, 0.9684542586750788, 0.9661885245901639, 0.9782157676348547, 0.0], [0.9895615866388309, 0.9737945492662474, 0.9905956112852664, 0.957983193277311, 0.9761410788381742, 0.9884937238493724, 0.9897013388259527, 0.9833679833679834, 0.9979035639412998, 0.9846311475409836, 0.9710743801652892, 0.946775844421699, 0.9369747899159664, 0.9743589743589743, 0.9450777202072539, 0.9538300104931794, 0.959417273673257, 0.9704383282364933, 0.9885297184567258, 0.0], [0.9916492693110647, 0.9865284974093265, 0.9895287958115183, 0.9749739311783108, 0.9989572471324296, 0.940563086548488, 0.9631525076765609, 0.953125, 0.9686847599164927, 0.988517745302714, 0.9968717413972888, 0.9369834710743802, 0.9720496894409938, 0.9642857142857143, 0.9568345323741008, 0.9894957983193278, 0.9803108808290155, 0.9711042311661506, 0.9927007299270073, 0.0], [0.9821615949632738, 0.9811912225705329, 0.9833506763787722, 0.9564766839378238, 0.9701338825952626, 0.962303664921466, 0.9989484752891693, 0.9752066115702479, 0.9666319082377477, 0.9737118822292324, 0.9884937238493724, 0.9529652351738241, 0.9658738366080661, 0.9705882352941176, 0.9769633507853404, 0.9726603575184016, 0.9571129707112971, 0.9690402476780186, 0.989648033126294, 0.0], [0.9928425357873211, 0.9917864476386037, 0.980083857442348, 0.9926470588235294, 0.9718456725755996, 0.9927760577915377, 0.9719626168224299, 0.9740394600207685, 0.9958974358974358, 0.9978991596638656, 0.9916839916839917, 1.0, 0.987460815047022, 0.9751809720785936, 0.9644723092998955, 0.9792099792099792, 0.992849846782431, 0.9795918367346939, 0.974816369359916, 0.0]], "makespan": [951, 951, 951, 951, 951, 951, 951, 951, 951, 951]}, "EDD": {"tard": [67, 0, 38, 31, 542, 54, 282, 104, 257, 179], "slack": [7169, 5322, 5472, 5745, 8134, 5824, 7142, 5276, 4806, 5230], "util": [[0.967741935483871, 0.9664218258132214, 0.984375, 0.979253112033195, 0.9927083333333333, 0.9989572471324296, 0.9785495403472931, 0.9843096234309623, 0.9864864864864865, 0.993717277486911, 0.9938080495356038, 0.9989583333333333, 0.9876543209876543, 0.9751809720785936, 0.9812304483837331, 0.9936974789915967, 0.9907024793388429, 0.9810924369747899, 0.9938398357289527, 0.0], [0.996875, 0.9875389408099688, 0.9596690796277145, 0.9580272822665268, 0.9667359667359667, 0.9810725552050473, 0.9552083333333333, 0.9738766980146291, 0.9926547743966422, 0.9706190975865687, 0.9498956158663883, 0.9702564102564103, 0.9853709508881923, 0.9708636836628513, 0.9789695057833859, 0.947584789311408, 0.9896265560165975, 0.9642857142857143, 0.9886010362694301, 0.0], [0.9588900308324769, 0.9627714581178903, 0.977296181630547, 0.9936908517350158, 0.9688149688149689, 0.9752832131822863, 0.9886246122026887, 0.940809968847352, 0.9298429319371728, 0.9423480083857443, 0.9408163265306122, 0.9730569948186528, 0.9602094240837696, 0.9338235294117647, 0.9637681159420289, 0.9544041450777202, 0.9729448491155047, 0.9043659043659044, 0.9611344537815126, 0.0], [0.9854620976116303, 0.9887179487179487, 0.9832109129066107, 0.9664218258132214, 0.990625, 0.9739311783107404, 0.9805128205128205, 0.9836734693877551, 0.9645833333333333, 1.0, 0.9812889812889813, 0.9707724425887265, 0.9760914760914761, 0.9727177334732424, 0.9752066115702479, 1.0, 0.9874081846799581, 0.9895068205666316, 0.9887063655030801, 0.0], [0.9905857740585774, 1.0, 0.9769633507853404, 0.9795918367346939, 0.9781704781704782, 0.9804928131416838, 0.9979360165118679, 0.9706190975865687, 0.9761163032191069, 1.0, 0.9968652037617555, 0.9779411764705882, 0.9843096234309623, 0.974869109947644, 1.0, 0.9710444674250258, 0.99581589958159, 0.9938335046248715, 0.9836065573770492, 0.0], [0.9580712788259959, 0.9625390218522373, 0.9456066945606695, 0.9442691903259727, 0.9764102564102564, 0.9603753910323254, 0.9408766564729868, 0.9833159541188738, 0.9761904761904762, 0.9895941727367326, 0.991675338189386, 0.9779874213836478, 0.9717573221757322, 0.9554404145077721, 0.9467640918580376, 0.9653361344537815, 0.9684542586750788, 0.9661885245901639, 0.9782157676348547, 0.0], [0.9895615866388309, 0.9737945492662474, 0.9905956112852664, 0.957983193277311, 0.9761410788381742, 0.9884937238493724, 0.9897013388259527, 0.9833679833679834, 0.9979035639412998, 0.9846311475409836, 0.9710743801652892, 0.946775844421699, 0.9369747899159664, 0.9743589743589743, 0.9450777202072539, 0.9538300104931794, 0.959417273673257, 0.9704383282364933, 0.9885297184567258, 0.0], [0.9916492693110647, 0.9865284974093265, 0.9895287958115183, 0.9749739311783108, 0.9989572471324296, 0.940563086548488, 0.9631525076765609, 0.953125, 0.9686847599164927, 0.988517745302714, 0.9968717413972888, 0.9369834710743802, 0.9720496894409938, 0.9642857142857143, 0.9568345323741008, 0.9894957983193278, 0.9803108808290155, 0.9711042311661506, 0.9927007299270073, 0.0], [0.9821615949632738, 0.9811912225705329, 0.9833506763787722, 0.9564766839378238, 0.9701338825952626, 0.962303664921466, 0.9989484752891693, 0.9752066115702479, 0.9666319082377477, 0.9737118822292324, 0.9884937238493724, 0.9529652351738241, 0.9658738366080661, 0.9705882352941176, 0.9769633507853404, 0.9726603575184016, 0.9571129707112971, 0.9690402476780186, 0.989648033126294, 0.0], [0.9928425357873211, 0.9917864476386037, 0.980083857442348, 0.9926470588235294, 0.9718456725755996, 0.9927760577915377, 0.9719626168224299, 0.9740394600207685, 0.9958974358974358, 0.9978991596638656, 0.9916839916839917, 1.0, 0.987460815047022, 0.9751809720785936, 0.9644723092998955, 0.9792099792099792, 0.992849846782431, 0.9795918367346939, 0.974816369359916, 0.0]], "makespan": [951, 951, 951, 951, 951, 951, 951, 951, 951, 951]}, "MS": {"tard": [0, 0, 1, 425, 1987, 476, 163, 12, 1140, 517], "slack": [8204, 4720, 5128, 6846, 10028, 7260, 5746, 7935, 7412, 5895],