{"reward": {"agent_1": [-80.7924395088486], "agent_2": [-39.10038276341049], "agent_3": [-29.305621174156535], "agent_4": [-40.50373615504016], "agent_5": [-35.01722258509265], "agent_6": [-36.99111446469213], "agent_7": [-53.87838573721734], "agent_8": [-37.430130643678076], "agent_9": [-48.66861621720204], "agent_10": [-32.827609598122095], "agent_11": [0], "agent_12": [0], "agent_13": [0], "agent_14": [0], "agent_15": [0]}, "utilization_rate": {"agent_1": [0.630057803468208], "agent_2": [0.48554913294797686], "agent_3": [0.6965317919075145], "agent_4": [0.5953757225433526], "agent_5": [0.7976878612716763], "agent_6": [0.2514450867052023], "agent_7": [0.7514450867052023], "agent_8": [0.5202312138728323], "agent_9": [0.6791907514450867], "agent_10": [0.5867052023121387], "agent_11": [0.0], "agent_12": [0.0], "agent_13": [0.0], "agent_14": [0.0], "agent_15": [0.0]}, "makespan": {"episode_0": 346}}