{"makespan": {"Mk03.fjs": [], "Mk06.fjs": [], "Mk10.fjs": [383, 338, 316, 346, 338, 381, 349, 360, 347, 370], "ela01.fjs": [], "ela02.fjs": [], "ela21.fjs": [], "ela37.fjs": [], "rla09.fjs": [], "rla21.fjs": [], "rla36.fjs": [], "sla06.fjs": [], "sla21.fjs": [], "sla37.fjs": [], "sla39.fjs": [], "vla06.fjs": [], "vla20.fjs": [], "vla39.fjs": []}, "reward": {"Mk03.fjs": [], "Mk06.fjs": [], "Mk10.fjs": [-38.300000000000004, -33.800000000000004, -31.6, -34.6, -33.800000000000004, -38.1, -34.9, -36.0, -34.7, -37.0], "ela01.fjs": [], "ela02.fjs": [], "ela21.fjs": [], "ela37.fjs": [], "rla09.fjs": [], "rla21.fjs": [], "rla36.fjs": [], "sla06.fjs": [], "sla21.fjs": [], "sla37.fjs": [], "sla39.fjs": [], "vla06.fjs": [], "vla20.fjs": [], "vla39.fjs": []}}