{"RL": {"tardiness": [56], "U": [0.42490566037735855], "makespan": [265]}, "SPT": {"tardiness": [8], "U": [0.37533333333333335], "makespan": [300]}, "LPT": {"tardiness": [10], "U": [0.38299319727891157], "makespan": [294]}, "LRPT": {"tardiness": [68], "U": [0.40945454545454546], "makespan": [275]}, "SRPT": {"tardiness": [3], "U": [0.3740863787375415], "makespan": [301]}, "Random": {"tardiness": [16], "U": [0.399290780141844], "makespan": [282]}}