{"RL": {"tardiness": [189], "U": [0.4064981949458484], "makespan": [277]}, "SPT": {"tardiness": [10], "U": [0.37533333333333335], "makespan": [300]}, "LPT": {"tardiness": [38], "U": [0.38299319727891157], "makespan": [294]}, "LRPT": {"tardiness": [205], "U": [0.40945454545454546], "makespan": [275]}, "SRPT": {"tardiness": [4], "U": [0.3740863787375415], "makespan": [301]}, "Random": {"tardiness": [66], "U": [0.399290780141844], "makespan": [282]}}